{"cameraMode":{"drawMode":0,"name":"Shaded","section":"Shading Mode"},"sceneLighting":false,"audioPlay":false,"sceneViewState":{"showFog":false,"showMaterialUpdate":false,"showSkybox":false,"showFlares":true,"showImageEffects":true,"showParticleSystems":true},"in2DMode":false,"pivot":{"x":-0.02800000086426735,"y":-0.019999999552965165,"z":-0.029999999329447748},"rotation":{"x":0.06172649934887886,"y":0.545703113079071,"z":-0.040347468107938769,"w":0.834747850894928},"size":10.0,"orthographic":false}