{"cameraMode":{"drawMode":0,"name":"Shaded","section":"Shading Mode"},"sceneLighting":false,"audioPlay":false,"sceneViewState":{"showFog":false,"showMaterialUpdate":false,"showSkybox":false,"showFlares":true,"showImageEffects":true,"showParticleSystems":true},"in2DMode":false,"pivot":{"x":0.0,"y":-0.7839999198913574,"z":0.10000000149011612},"rotation":{"x":-0.2597433626651764,"y":-0.019701054319739343,"z":0.005302370525896549,"w":-0.9654751420021057},"size":0.024768317118287088,"orthographic":false}