{"cameraMode":{"drawMode":0,"name":"Shaded","section":"Shading Mode"},"sceneLighting":false,"audioPlay":false,"sceneViewState":{"showFog":false,"showMaterialUpdate":false,"showSkybox":false,"showFlares":true,"showImageEffects":true,"showParticleSystems":true},"in2DMode":false,"pivot":{"x":2150.947509765625,"y":0.0,"z":4.656612873077393e-10},"rotation":{"x":0.06172649934887886,"y":0.545703113079071,"z":-0.040347468107938769,"w":0.834747850894928},"size":0.02482868917286396,"orthographic":false}