{"cameraMode":{"drawMode":0,"name":"Shaded","section":"Shading Mode"},"sceneLighting":true,"audioPlay":false,"sceneViewState":{"showFog":false,"showMaterialUpdate":false,"showSkybox":true,"showFlares":true,"showImageEffects":true,"showParticleSystems":true},"in2DMode":false,"pivot":{"x":14.279814720153809,"y":-1.4816533327102662,"z":8.490086555480957},"rotation":{"x":0.2914310693740845,"y":0.163961723446846,"z":-0.05077400803565979,"w":0.9410864114761353},"size":0.3131546974182129,"orthographic":false}