{"cameraMode":{"drawMode":0,"name":"Shaded","section":"Shading Mode"},"sceneLighting":true,"audioPlay":false,"sceneViewState":{"showFog":false,"showMaterialUpdate":false,"showSkybox":true,"showFlares":true,"showImageEffects":true,"showParticleSystems":true},"in2DMode":false,"pivot":{"x":83.05976867675781,"y":-74.88422393798828,"z":201.57359313964845},"rotation":{"x":0.17759305238723756,"y":0.18477852642536164,"z":-0.03396813943982124,"w":0.9660230278968811},"size":138.25808715820313,"orthographic":false}