{"cameraMode":{"drawMode":0,"name":"Shaded","section":"Shading Mode"},"sceneLighting":true,"audioPlay":false,"sceneViewState":{"showFog":false,"showMaterialUpdate":false,"showSkybox":true,"showFlares":true,"showImageEffects":true,"showParticleSystems":true},"in2DMode":false,"pivot":{"x":6.559333324432373,"y":3.418346643447876,"z":9.760000228881836},"rotation":{"x":0.2914310693740845,"y":0.163961723446846,"z":-0.05077400803565979,"w":0.9410864114761353},"size":0.898141622543335,"orthographic":false}