{"cameraMode":{"drawMode":0,"name":"Shaded","section":"Shading Mode"},"sceneLighting":false,"audioPlay":false,"sceneViewState":{"showFog":false,"showMaterialUpdate":false,"showSkybox":false,"showFlares":true,"showImageEffects":true,"showParticleSystems":true},"in2DMode":false,"pivot":{"x":0.08699999749660492,"y":-0.847000002861023,"z":0.17100000381469727},"rotation":{"x":0.06090452894568443,"y":0.6594595313072205,"z":-0.053735263645648959,"w":0.7473636865615845},"size":0.021650630980730058,"orthographic":false}