{"cameraMode":{"drawMode":0,"name":"Shaded","section":"Shading Mode"},"sceneLighting":true,"audioPlay":false,"sceneViewState":{"showFog":false,"showMaterialUpdate":false,"showSkybox":true,"showFlares":true,"showImageEffects":true,"showParticleSystems":true},"in2DMode":false,"pivot":{"x":3.325324535369873,"y":-2.9494643211364748,"z":11.358243942260743},"rotation":{"x":0.2914310693740845,"y":0.163961723446846,"z":-0.05077400803565979,"w":0.9410864114761353},"size":12.22665786743164,"orthographic":false}