{"cameraMode":{"drawMode":0,"name":"Shaded","section":"Shading Mode"},"sceneLighting":false,"audioPlay":false,"sceneViewState":{"showFog":false,"showMaterialUpdate":false,"showSkybox":false,"showFlares":true,"showImageEffects":true,"showParticleSystems":true},"in2DMode":false,"pivot":{"x":-0.11100000143051148,"y":0.75,"z":0.3799999952316284},"rotation":{"x":-0.09107941389083862,"y":0.11386517435312271,"z":-0.010484948754310608,"w":-0.9892646074295044},"size":0.008660250343382359,"orthographic":false}