{"cameraMode":{"drawMode":0,"name":"Shaded","section":"Shading Mode"},"sceneLighting":true,"audioPlay":false,"sceneViewState":{"showFog":false,"showMaterialUpdate":false,"showSkybox":true,"showFlares":true,"showImageEffects":true,"showParticleSystems":true},"in2DMode":false,"pivot":{"x":0.9842820167541504,"y":-1.9114848375320435,"z":-0.151603102684021},"rotation":{"x":-0.2276206761598587,"y":-0.11594808101654053,"z":0.027308739721775056,"w":-0.9664387702941895},"size":2.0565693378448488,"orthographic":false}