{"cameraMode":{"drawMode":0,"name":"Shaded","section":"Shading Mode"},"sceneLighting":true,"audioPlay":false,"sceneViewState":{"showFog":false,"showMaterialUpdate":false,"showSkybox":true,"showFlares":true,"showImageEffects":true,"showParticleSystems":true},"in2DMode":false,"pivot":{"x":10.505664825439454,"y":-9.348793983459473,"z":-5.685517311096191},"rotation":{"x":0.17651903629302979,"y":0.7960229516029358,"z":-0.2761322259902954,"w":0.5088759064674377},"size":8.497003555297852,"orthographic":false}