{"cameraMode":{"drawMode":0,"name":"Shaded","section":"Shading Mode"},"sceneLighting":true,"audioPlay":false,"sceneViewState":{"showFog":false,"showMaterialUpdate":false,"showSkybox":true,"showFlares":true,"showImageEffects":true,"showParticleSystems":true},"in2DMode":false,"pivot":{"x":0.300428181886673,"y":-0.695389986038208,"z":-2.866506576538086},"rotation":{"x":-0.1186620369553566,"y":-0.5928963422775269,"z":0.08888590335845947,"w":-0.7915138602256775},"size":0.6073950529098511,"orthographic":false}